Inglaterra;Te y galletas;Londres;;;;;;;;;;;;;;;;;;;;;;;;
1;1;1;3;3;2;2;2;2;2;3;1;1;1;1;1;3;2;2;2;2;2;2;3;1;1;1
3;1;1;1;3;3;2;2;2;2;3;1;1;1;1;1;3;2;2;2;2;2;3;1;1;1;3
2;3;1;1;1;3;3;2;2;2;3;1;1;1;1;1;3;2;2;2;2;3;1;1;1;3;3
2;2;3;1;1;1;3;3;2;2;3;1;1;1;1;1;3;2;2;2;3;1;1;1;3;3;2
2;2;2;3;1;1;1;3;3;2;3;1;1;1;1;1;3;2;2;3;1;1;1;3;3;2;2
2;2;2;2;3;1;1;1;3;3;3;1;1;1;1;1;3;2;3;1;1;1;3;3;2;2;2
3;3;3;3;3;3;3;3;3;3;3;1;1;1;1;1;3;3;3;3;3;3;3;3;3;3;3
1;1;1;1;1;1;1;1;1;1;1;1;1;1;1;1;1;1;1;1;1;1;1;1;1;1;1
1;1;1;1;1;1;1;1;1;1;1;1;1;1;1;1;1;1;1;1;1;1;1;1;1;1;1
1;1;1;1;1;1;1;1;1;1;1;1;1;1;1;1;1;1;1;1;1;1;1;1;1;1;1
1;1;1;1;1;1;1;1;1;1;1;1;1;1;1;1;1;1;1;1;1;1;1;1;1;1;1
1;1;1;1;1;1;1;1;1;1;1;1;1;1;1;1;1;1;1;1;1;1;1;1;1;1;1
3;3;3;3;3;3;3;3;3;3;3;1;1;1;1;1;3;3;3;3;3;3;3;3;3;3;3
2;2;2;3;3;1;1;1;3;3;3;1;1;1;1;1;3;3;3;1;1;1;3;2;2;2;2
2;2;3;3;1;1;1;3;2;2;3;1;1;1;1;1;3;2;3;3;1;1;1;3;2;2;2
2;3;3;1;1;1;3;2;2;2;3;1;1;1;1;1;3;2;2;3;3;1;1;1;3;2;2
3;3;1;1;1;3;2;2;2;2;3;1;1;1;1;1;3;2;2;2;3;3;1;1;1;3;2
3;1;1;1;3;2;2;2;2;2;3;1;1;1;1;1;3;2;2;2;2;3;3;1;1;1;3
1;1;1;3;2;2;2;2;2;2;3;1;1;1;1;1;3;2;2;2;2;2;3;3;1;1;1
Colombia;Bandeja paisa;Bogota;;;;;;;;;;;;;;;;;;;;;;;;
4;4;4;4;4;4;4;4;4;4;4;4;4;4;4;4;4;4;4;4;4;4;4;4;4;4;4
4;4;4;4;4;4;4;4;4;4;4;4;4;4;4;4;4;4;4;4;4;4;4;4;4;4;4
4;4;4;4;4;4;4;4;4;4;4;4;4;4;4;4;4;4;4;4;4;4;4;4;4;4;4
4;4;4;4;4;4;4;4;4;4;4;4;4;4;4;4;4;4;4;4;4;4;4;4;4;4;4
4;4;4;4;4;4;4;4;4;4;4;4;4;4;4;4;4;4;4;4;4;4;4;4;4;4;4
4;4;4;4;4;4;4;4;4;4;4;4;4;4;4;4;4;4;4;4;4;4;4;4;4;4;4
4;4;4;4;4;4;4;4;4;4;4;4;4;4;4;4;4;4;4;4;4;4;4;4;4;4;4
4;4;4;4;4;4;4;4;4;4;4;4;4;4;4;4;4;4;4;4;4;4;4;4;4;4;4
2;2;2;2;2;2;2;2;2;2;2;2;2;2;2;2;2;2;2;2;2;2;2;2;2;2;2
2;2;2;2;2;2;2;2;2;2;2;2;2;2;2;2;2;2;2;2;2;2;2;2;2;2;2
2;2;2;2;2;2;2;2;2;2;2;2;2;2;2;2;2;2;2;2;2;2;2;2;2;2;2
2;2;2;2;2;2;2;2;2;2;2;2;2;2;2;2;2;2;2;2;2;2;2;2;2;2;2
2;2;2;2;2;2;2;2;2;2;2;2;2;2;2;2;2;2;2;2;2;2;2;2;2;2;2
2;2;2;2;2;2;2;2;2;2;2;2;2;2;2;2;2;2;2;2;2;2;2;2;2;2;2
1;1;1;1;1;1;1;1;1;1;1;1;1;1;1;1;1;1;1;1;1;1;1;1;1;1;1
1;1;1;1;1;1;1;1;1;1;1;1;1;1;1;1;1;1;1;1;1;1;1;1;1;1;1
1;1;1;1;1;1;1;1;1;1;1;1;1;1;1;1;1;1;1;1;1;1;1;1;1;1;1
1;1;1;1;1;1;1;1;1;1;1;1;1;1;1;1;1;1;1;1;1;1;1;1;1;1;1
1;1;1;1;1;1;1;1;1;1;1;1;1;1;1;1;1;1;1;1;1;1;1;1;1;1;1
Peru;Ceviche;Lima;;;;;;;;;;;;;;;;;;;;;;;;
1;1;1;1;1;1;1;1;1;3;3;3;3;3;3;3;3;3;1;1;1;1;1;1;1;1;1
1;1;1;1;1;1;1;1;1;3;3;3;3;3;3;3;3;3;1;1;1;1;1;1;1;1;1
1;1;1;1;1;1;1;1;1;3;3;3;3;3;3;3;3;3;1;1;1;1;1;1;1;1;1
1;1;1;1;1;1;1;1;1;3;3;3;3;3;3;3;3;3;1;1;1;1;1;1;1;1;1
1;1;1;1;1;1;1;1;1;3;3;3;3;3;3;3;3;3;1;1;1;1;1;1;1;1;1
1;1;1;1;1;1;1;1;1;3;3;3;3;3;3;3;3;3;1;1;1;1;1;1;1;1;1
1;1;1;1;1;1;1;1;1;3;3;3;3;3;3;3;3;3;1;1;1;1;1;1;1;1;1
1;1;1;1;1;1;1;1;1;3;3;3;3;3;3;3;3;3;1;1;1;1;1;1;1;1;1
1;1;1;1;1;1;1;1;1;3;3;3;3;3;3;3;3;3;1;1;1;1;1;1;1;1;1
1;1;1;1;1;1;1;1;1;3;3;3;3;3;3;3;3;3;1;1;1;1;1;1;1;1;1
1;1;1;1;1;1;1;1;1;3;3;3;3;3;3;3;3;3;1;1;1;1;1;1;1;1;1
1;1;1;1;1;1;1;1;1;3;3;3;3;3;3;3;3;3;1;1;1;1;1;1;1;1;1
1;1;1;1;1;1;1;1;1;3;3;3;3;3;3;3;3;3;1;1;1;1;1;1;1;1;1
1;1;1;1;1;1;1;1;1;3;3;3;3;3;3;3;3;3;1;1;1;1;1;1;1;1;1
1;1;1;1;1;1;1;1;1;3;3;3;3;3;3;3;3;3;1;1;1;1;1;1;1;1;1
1;1;1;1;1;1;1;1;1;3;3;3;3;3;3;3;3;3;1;1;1;1;1;1;1;1;1
1;1;1;1;1;1;1;1;1;3;3;3;3;3;3;3;3;3;1;1;1;1;1;1;1;1;1
1;1;1;1;1;1;1;1;1;3;3;3;3;3;3;3;3;3;1;1;1;1;1;1;1;1;1
1;1;1;1;1;1;1;1;1;3;3;3;3;3;3;3;3;3;1;1;1;1;1;1;1;1;1
Polonia;Ruski;Varsovia;;;;;;;;;;;;;;;;;;;;;;;;
3;3;3;3;3;3;3;3;3;3;3;3;3;3;3;3;3;3;3;3;3;3;3;3;3;3;3
3;3;3;3;3;3;3;3;3;3;3;3;3;3;3;3;3;3;3;3;3;3;3;3;3;3;3
3;3;3;3;3;3;3;3;3;3;3;3;3;3;3;3;3;3;3;3;3;3;3;3;3;3;3
3;3;3;3;3;3;3;3;3;3;3;3;3;3;3;3;3;3;3;3;3;3;3;3;3;3;3
3;3;3;3;3;3;3;3;3;3;3;3;3;3;3;3;3;3;3;3;3;3;3;3;3;3;3
3;3;3;3;3;3;3;3;3;3;3;3;3;3;3;3;3;3;3;3;3;3;3;3;3;3;3
3;3;3;3;3;3;3;3;3;3;3;3;3;3;3;3;3;3;3;3;3;3;3;3;3;3;3
3;3;3;3;3;3;3;3;3;3;3;3;3;3;3;3;3;3;3;3;3;3;3;3;3;3;3
3;3;3;3;3;3;3;3;3;3;3;3;3;3;3;3;3;3;3;3;3;3;3;3;3;3;3
3;3;3;3;3;3;3;3;3;3;3;3;3;3;3;3;3;3;3;3;3;3;3;3;3;3;3
1;1;1;1;1;1;1;1;1;1;1;1;1;1;1;1;1;1;1;1;1;1;1;1;1;1;1
1;1;1;1;1;1;1;1;1;1;1;1;1;1;1;1;1;1;1;1;1;1;1;1;1;1;1
1;1;1;1;1;1;1;1;1;1;1;1;1;1;1;1;1;1;1;1;1;1;1;1;1;1;1
1;1;1;1;1;1;1;1;1;1;1;1;1;1;1;1;1;1;1;1;1;1;1;1;1;1;1
1;1;1;1;1;1;1;1;1;1;1;1;1;1;1;1;1;1;1;1;1;1;1;1;1;1;1
1;1;1;1;1;1;1;1;1;1;1;1;1;1;1;1;1;1;1;1;1;1;1;1;1;1;1
1;1;1;1;1;1;1;1;1;1;1;1;1;1;1;1;1;1;1;1;1;1;1;1;1;1;1
1;1;1;1;1;1;1;1;1;1;1;1;1;1;1;1;1;1;1;1;1;1;1;1;1;1;1
1;1;1;1;1;1;1;1;1;1;1;1;1;1;1;1;1;1;1;1;1;1;1;1;1;1;1
Indonesia;Rendang;Yakarta;;;;;;;;;;;;;;;;;;;;;;;;
1;1;1;1;1;1;1;1;1;1;1;1;1;1;1;1;1;1;1;1;1;1;1;1;1;1;1
1;1;1;1;1;1;1;1;1;1;1;1;1;1;1;1;1;1;1;1;1;1;1;1;1;1;1
1;1;1;1;1;1;1;1;1;1;1;1;1;1;1;1;1;1;1;1;1;1;1;1;1;1;1
1;1;1;1;1;1;1;1;1;1;1;1;1;1;1;1;1;1;1;1;1;1;1;1;1;1;1
1;1;1;1;1;1;1;1;1;1;1;1;1;1;1;1;1;1;1;1;1;1;1;1;1;1;1
1;1;1;1;1;1;1;1;1;1;1;1;1;1;1;1;1;1;1;1;1;1;1;1;1;1;1
1;1;1;1;1;1;1;1;1;1;1;1;1;1;1;1;1;1;1;1;1;1;1;1;1;1;1
1;1;1;1;1;1;1;1;1;1;1;1;1;1;1;1;1;1;1;1;1;1;1;1;1;1;1
1;1;1;1;1;1;1;1;1;1;1;1;1;1;1;1;1;1;1;1;1;1;1;1;1;1;1
1;1;1;1;1;1;1;1;1;1;1;1;1;1;1;1;1;1;1;1;1;1;1;1;1;1;1
3;3;3;3;3;3;3;3;3;3;3;3;3;3;3;3;3;3;3;3;3;3;3;3;3;3;3
3;3;3;3;3;3;3;3;3;3;3;3;3;3;3;3;3;3;3;3;3;3;3;3;3;3;3
3;3;3;3;3;3;3;3;3;3;3;3;3;3;3;3;3;3;3;3;3;3;3;3;3;3;3
3;3;3;3;3;3;3;3;3;3;3;3;3;3;3;3;3;3;3;3;3;3;3;3;3;3;3
3;3;3;3;3;3;3;3;3;3;3;3;3;3;3;3;3;3;3;3;3;3;3;3;3;3;3
3;3;3;3;3;3;3;3;3;3;3;3;3;3;3;3;3;3;3;3;3;3;3;3;3;3;3
3;3;3;3;3;3;3;3;3;3;3;3;3;3;3;3;3;3;3;3;3;3;3;3;3;3;3
3;3;3;3;3;3;3;3;3;3;3;3;3;3;3;3;3;3;3;3;3;3;3;3;3;3;3
3;3;3;3;3;3;3;3;3;3;3;3;3;3;3;3;3;3;3;3;3;3;3;3;3;3;3
Italia;Pasta;Roma;;;;;;;;;;;;;;;;;;;;;;;;
5;5;5;5;5;5;5;5;5;3;3;3;3;3;3;3;3;3;1;1;1;1;1;1;1;1;1
5;5;5;5;5;5;5;5;5;3;3;3;3;3;3;3;3;3;1;1;1;1;1;1;1;1;1
5;5;5;5;5;5;5;5;5;3;3;3;3;3;3;3;3;3;1;1;1;1;1;1;1;1;1
5;5;5;5;5;5;5;5;5;3;3;3;3;3;3;3;3;3;1;1;1;1;1;1;1;1;1
5;5;5;5;5;5;5;5;5;3;3;3;3;3;3;3;3;3;1;1;1;1;1;1;1;1;1
5;5;5;5;5;5;5;5;5;3;3;3;3;3;3;3;3;3;1;1;1;1;1;1;1;1;1
5;5;5;5;5;5;5;5;5;3;3;3;3;3;3;3;3;3;1;1;1;1;1;1;1;1;1
5;5;5;5;5;5;5;5;5;3;3;3;3;3;3;3;3;3;1;1;1;1;1;1;1;1;1
5;5;5;5;5;5;5;5;5;3;3;3;3;3;3;3;3;3;1;1;1;1;1;1;1;1;1
5;5;5;5;5;5;5;5;5;3;3;3;3;3;3;3;3;3;1;1;1;1;1;1;1;1;1
5;5;5;5;5;5;5;5;5;3;3;3;3;3;3;3;3;3;1;1;1;1;1;1;1;1;1
5;5;5;5;5;5;5;5;5;3;3;3;3;3;3;3;3;3;1;1;1;1;1;1;1;1;1
5;5;5;5;5;5;5;5;5;3;3;3;3;3;3;3;3;3;1;1;1;1;1;1;1;1;1
5;5;5;5;5;5;5;5;5;3;3;3;3;3;3;3;3;3;1;1;1;1;1;1;1;1;1
5;5;5;5;5;5;5;5;5;3;3;3;3;3;3;3;3;3;1;1;1;1;1;1;1;1;1
5;5;5;5;5;5;5;5;5;3;3;3;3;3;3;3;3;3;1;1;1;1;1;1;1;1;1
5;5;5;5;5;5;5;5;5;3;3;3;3;3;3;3;3;3;1;1;1;1;1;1;1;1;1
5;5;5;5;5;5;5;5;5;3;3;3;3;3;3;3;3;3;1;1;1;1;1;1;1;1;1
5;5;5;5;5;5;5;5;5;3;3;3;3;3;3;3;3;3;1;1;1;1;1;1;1;1;1
Nigeria;Efo riro;Abuya;;;;;;;;;;;;;;;;;;;;;;;;
5;5;5;5;5;5;5;5;5;3;3;3;3;3;3;3;3;3;5;5;5;5;5;5;5;5;5
5;5;5;5;5;5;5;5;5;3;3;3;3;3;3;3;3;3;5;5;5;5;5;5;5;5;5
5;5;5;5;5;5;5;5;5;3;3;3;3;3;3;3;3;3;5;5;5;5;5;5;5;5;5
5;5;5;5;5;5;5;5;5;3;3;3;3;3;3;3;3;3;5;5;5;5;5;5;5;5;5
5;5;5;5;5;5;5;5;5;3;3;3;3;3;3;3;3;3;5;5;5;5;5;5;5;5;5
5;5;5;5;5;5;5;5;5;3;3;3;3;3;3;3;3;3;5;5;5;5;5;5;5;5;5
5;5;5;5;5;5;5;5;5;3;3;3;3;3;3;3;3;3;5;5;5;5;5;5;5;5;5
5;5;5;5;5;5;5;5;5;3;3;3;3;3;3;3;3;3;5;5;5;5;5;5;5;5;5
5;5;5;5;5;5;5;5;5;3;3;3;3;3;3;3;3;3;5;5;5;5;5;5;5;5;5
5;5;5;5;5;5;5;5;5;3;3;3;3;3;3;3;3;3;5;5;5;5;5;5;5;5;5
5;5;5;5;5;5;5;5;5;3;3;3;3;3;3;3;3;3;5;5;5;5;5;5;5;5;5
5;5;5;5;5;5;5;5;5;3;3;3;3;3;3;3;3;3;5;5;5;5;5;5;5;5;5
5;5;5;5;5;5;5;5;5;3;3;3;3;3;3;3;3;3;5;5;5;5;5;5;5;5;5
5;5;5;5;5;5;5;5;5;3;3;3;3;3;3;3;3;3;5;5;5;5;5;5;5;5;5
5;5;5;5;5;5;5;5;5;3;3;3;3;3;3;3;3;3;5;5;5;5;5;5;5;5;5
5;5;5;5;5;5;5;5;5;3;3;3;3;3;3;3;3;3;5;5;5;5;5;5;5;5;5
5;5;5;5;5;5;5;5;5;3;3;3;3;3;3;3;3;3;5;5;5;5;5;5;5;5;5
5;5;5;5;5;5;5;5;5;3;3;3;3;3;3;3;3;3;5;5;5;5;5;5;5;5;5
5;5;5;5;5;5;5;5;5;3;3;3;3;3;3;3;3;3;5;5;5;5;5;5;5;5;5
Noruega;Bacalao seco;Oslo;;;;;;;;;;;;;;;;;;;;;;;;
1;1;1;1;1;1;1;3;2;2;3;1;1;1;1;1;1;1;1;1;1;1;1;1;1;1;1
1;1;1;1;1;1;1;3;2;2;3;1;1;1;1;1;1;1;1;1;1;1;1;1;1;1;1
1;1;1;1;1;1;1;3;2;2;3;1;1;1;1;1;1;1;1;1;1;1;1;1;1;1;1
1;1;1;1;1;1;1;3;2;2;3;1;1;1;1;1;1;1;1;1;1;1;1;1;1;1;1
1;1;1;1;1;1;1;3;2;2;3;1;1;1;1;1;1;1;1;1;1;1;1;1;1;1;1
1;1;1;1;1;1;1;3;2;2;3;1;1;1;1;1;1;1;1;1;1;1;1;1;1;1;1
1;1;1;1;1;1;1;3;2;2;3;1;1;1;1;1;1;1;1;1;1;1;1;1;1;1;1
3;3;3;3;3;3;3;3;2;2;3;3;3;3;3;3;3;3;3;3;3;3;3;3;3;3;3
2;2;2;2;2;2;2;2;2;2;2;2;2;2;2;2;2;2;2;2;2;2;2;2;2;2;2
2;2;2;2;2;2;2;2;2;2;2;2;2;2;2;2;2;2;2;2;2;2;2;2;2;2;2
2;2;2;2;2;2;2;2;2;2;2;2;2;2;2;2;2;2;2;2;2;2;2;2;2;2;2
2;2;2;2;2;2;2;2;2;2;2;2;2;2;2;2;2;2;2;2;2;2;2;2;2;2;2
3;3;3;3;3;3;3;3;2;2;3;3;3;3;3;3;3;3;3;3;3;3;3;3;3;3;3
1;1;1;1;1;1;1;3;2;2;3;1;1;1;1;1;1;1;1;1;1;1;1;1;1;1;1
1;1;1;1;1;1;1;3;2;2;3;1;1;1;1;1;1;1;1;1;1;1;1;1;1;1;1
1;1;1;1;1;1;1;3;2;2;3;1;1;1;1;1;1;1;1;1;1;1;1;1;1;1;1
1;1;1;1;1;1;1;3;2;2;3;1;1;1;1;1;1;1;1;1;1;1;1;1;1;1;1
1;1;1;1;1;1;1;3;2;2;3;1;1;1;1;1;1;1;1;1;1;1;1;1;1;1;1
1;1;1;1;1;1;1;3;2;2;3;1;1;1;1;1;1;1;1;1;1;1;1;1;1;1;1
Isla de Pascua;Postre Rapanui;Hanga roa;;;;;;;;;;;;;;;;;;;;;;;;
3;3;3;3;3;3;3;3;3;3;3;3;3;3;3;3;3;3;3;3;3;3;3;3;3;3;3
3;3;3;3;3;3;3;3;3;3;3;3;3;3;3;3;3;3;3;3;3;3;3;3;3;3;3
3;3;3;3;3;3;3;3;3;3;3;3;3;3;3;3;3;3;3;3;3;3;3;3;3;3;3
3;3;3;3;3;3;3;3;3;3;3;3;3;3;3;3;3;3;3;3;3;3;3;3;3;3;3
3;3;3;3;3;3;3;3;3;3;3;3;3;3;3;3;3;3;3;3;3;3;3;3;3;3;3
3;3;3;1;3;3;3;3;3;3;3;3;3;3;3;3;3;3;3;3;3;3;3;1;3;3;3
3;3;3;3;1;1;3;3;3;3;3;3;3;3;3;3;3;3;3;3;3;1;1;3;3;3;3
3;3;3;3;1;3;3;3;3;3;3;3;3;3;3;3;3;3;3;3;3;3;1;3;3;3;3
3;3;3;3;3;1;1;3;3;3;3;3;3;3;3;3;3;3;3;3;1;1;3;3;3;3;3
3;3;3;3;3;1;1;1;1;1;3;3;3;3;3;3;3;1;1;1;1;1;3;3;3;3;3
3;3;3;3;3;3;1;1;1;3;1;3;3;3;3;3;1;3;1;1;1;3;3;3;3;3;3
3;3;3;3;3;3;1;1;1;1;1;1;1;1;1;1;1;1;1;1;1;3;3;3;3;3;3
3;3;3;3;3;3;3;1;1;1;1;1;1;1;1;1;1;1;1;1;3;3;3;3;3;3;3
3;3;3;3;3;3;3;3;1;1;1;1;1;1;1;1;1;1;1;3;3;3;3;3;3;3;3
3;3;3;3;3;3;3;3;3;1;1;1;1;1;1;1;1;1;3;3;3;3;3;3;3;3;3
3;3;3;3;3;3;3;3;3;3;1;1;1;1;1;1;1;3;3;3;3;3;3;3;3;3;3
3;3;3;3;3;3;3;3;3;3;3;3;3;3;3;3;3;3;3;3;3;3;3;3;3;3;3
3;3;3;3;3;3;3;3;3;3;3;3;3;3;3;3;3;3;3;3;3;3;3;3;3;3;3
3;3;3;3;3;3;3;3;3;3;3;3;3;3;3;3;3;3;3;3;3;3;3;3;3;3;3
Romania;Sopa de radauti;Bucarest;;;;;;;;;;;;;;;;;;;;;;;;
2;2;2;2;2;2;2;2;2;4;4;4;4;4;4;4;4;4;1;1;1;1;1;1;1;1;1
2;2;2;2;2;2;2;2;2;4;4;4;4;4;4;4;4;4;1;1;1;1;1;1;1;1;1
2;2;2;2;2;2;2;2;2;4;4;4;4;4;4;4;4;4;1;1;1;1;1;1;1;1;1
2;2;2;2;2;2;2;2;2;4;4;4;4;4;4;4;4;4;1;1;1;1;1;1;1;1;1
2;2;2;2;2;2;2;2;2;4;4;4;4;4;4;4;4;4;1;1;1;1;1;1;1;1;1
2;2;2;2;2;2;2;2;2;4;4;4;4;4;4;4;4;4;1;1;1;1;1;1;1;1;1
2;2;2;2;2;2;2;2;2;4;4;4;4;4;4;4;4;4;1;1;1;1;1;1;1;1;1
2;2;2;2;2;2;2;2;2;4;4;4;4;4;4;4;4;4;1;1;1;1;1;1;1;1;1
2;2;2;2;2;2;2;2;2;4;4;4;4;4;4;4;4;4;1;1;1;1;1;1;1;1;1
2;2;2;2;2;2;2;2;2;4;4;4;4;4;4;4;4;4;1;1;1;1;1;1;1;1;1
2;2;2;2;2;2;2;2;2;4;4;4;4;4;4;4;4;4;1;1;1;1;1;1;1;1;1
2;2;2;2;2;2;2;2;2;4;4;4;4;4;4;4;4;4;1;1;1;1;1;1;1;1;1
2;2;2;2;2;2;2;2;2;4;4;4;4;4;4;4;4;4;1;1;1;1;1;1;1;1;1
2;2;2;2;2;2;2;2;2;4;4;4;4;4;4;4;4;4;1;1;1;1;1;1;1;1;1
2;2;2;2;2;2;2;2;2;4;4;4;4;4;4;4;4;4;1;1;1;1;1;1;1;1;1
2;2;2;2;2;2;2;2;2;4;4;4;4;4;4;4;4;4;1;1;1;1;1;1;1;1;1
2;2;2;2;2;2;2;2;2;4;4;4;4;4;4;4;4;4;1;1;1;1;1;1;1;1;1
2;2;2;2;2;2;2;2;2;4;4;4;4;4;4;4;4;4;1;1;1;1;1;1;1;1;1
2;2;2;2;2;2;2;2;2;4;4;4;4;4;4;4;4;4;1;1;1;1;1;1;1;1;1
Alemania;Bretzel (Pretzel);Berlin;;;;;;;;;;;;;;;;;;;;;;;;
8;8;8;8;8;8;8;8;8;8;8;8;8;8;8;8;8;8;8;8;8;8;8;8;8;8;8
8;8;8;8;8;8;8;8;8;8;8;8;8;8;8;8;8;8;8;8;8;8;8;8;8;8;8
8;8;8;8;8;8;8;8;8;8;8;8;8;8;8;8;8;8;8;8;8;8;8;8;8;8;8
8;8;8;8;8;8;8;8;8;8;8;8;8;8;8;8;8;8;8;8;8;8;8;8;8;8;8
8;8;8;8;8;8;8;8;8;8;8;8;8;8;8;8;8;8;8;8;8;8;8;8;8;8;8
8;8;8;8;8;8;8;8;8;8;8;8;8;8;8;8;8;8;8;8;8;8;8;8;8;8;8
1;1;1;1;1;1;1;1;1;1;1;1;1;1;1;1;1;1;1;1;1;1;1;1;1;1;1
1;1;1;1;1;1;1;1;1;1;1;1;1;1;1;1;1;1;1;1;1;1;1;1;1;1;1
1;1;1;1;1;1;1;1;1;1;1;1;1;1;1;1;1;1;1;1;1;1;1;1;1;1;1
1;1;1;1;1;1;1;1;1;1;1;1;1;1;1;1;1;1;1;1;1;1;1;1;1;1;1
1;1;1;1;1;1;1;1;1;1;1;1;1;1;1;1;1;1;1;1;1;1;1;1;1;1;1
1;1;1;1;1;1;1;1;1;1;1;1;1;1;1;1;1;1;1;1;1;1;1;1;1;1;1
4;4;4;4;4;4;4;4;4;4;4;4;4;4;4;4;4;4;4;4;4;4;4;4;4;4;4
4;4;4;4;4;4;4;4;4;4;4;4;4;4;4;4;4;4;4;4;4;4;4;4;4;4;4
4;4;4;4;4;4;4;4;4;4;4;4;4;4;4;4;4;4;4;4;4;4;4;4;4;4;4
4;4;4;4;4;4;4;4;4;4;4;4;4;4;4;4;4;4;4;4;4;4;4;4;4;4;4
4;4;4;4;4;4;4;4;4;4;4;4;4;4;4;4;4;4;4;4;4;4;4;4;4;4;4
4;4;4;4;4;4;4;4;4;4;4;4;4;4;4;4;4;4;4;4;4;4;4;4;4;4;4
4;4;4;4;4;4;4;4;4;4;4;4;4;4;4;4;4;4;4;4;4;4;4;4;4;4;4
Jap√≥n;Tempura;Tokio;;;;;;;;;;;;;;;;;;;;;;;;
3;3;3;3;3;3;3;3;3;3;3;3;3;3;3;3;3;3;3;3;3;3;3;3;3;3;3
3;3;3;3;3;3;3;3;3;3;3;3;3;3;3;3;3;3;3;3;3;3;3;3;3;3;3
3;3;3;3;3;3;3;3;3;3;3;3;3;3;3;3;3;3;3;3;3;3;3;3;3;3;3
3;3;3;3;3;3;3;3;3;3;1;1;1;1;1;1;1;3;3;3;3;3;3;3;3;3;3
3;3;3;3;3;3;3;3;3;1;1;1;1;1;1;1;1;1;3;3;3;3;3;3;3;3;3
3;3;3;3;3;3;3;3;1;1;1;1;1;1;1;1;1;1;1;3;3;3;3;3;3;3;3
3;3;3;3;3;3;3;1;1;1;1;1;1;1;1;1;1;1;1;1;3;3;3;3;3;3;3
3;3;3;3;3;3;1;1;1;1;1;1;1;1;1;1;1;1;1;1;1;3;3;3;3;3;3
3;3;3;3;3;3;1;1;1;1;1;1;1;1;1;1;1;1;1;1;1;3;3;3;3;3;3
3;3;3;3;3;3;1;1;1;1;1;1;1;1;1;1;1;1;1;1;1;3;3;3;3;3;3
3;3;3;3;3;3;1;1;1;1;1;1;1;1;1;1;1;1;1;1;1;3;3;3;3;3;3
3;3;3;3;3;3;1;1;1;1;1;1;1;1;1;1;1;1;1;1;1;3;3;3;3;3;3
3;3;3;3;3;3;3;1;1;1;1;1;1;1;1;1;1;1;1;1;3;3;3;3;3;3;3
3;3;3;3;3;3;3;3;1;1;1;1;1;1;1;1;1;1;1;3;3;3;3;3;3;3;3
3;3;3;3;3;3;3;3;3;1;1;1;1;1;1;1;1;1;3;3;3;3;3;3;3;3;3
3;3;3;3;3;3;3;3;3;3;1;1;1;1;1;1;1;3;3;3;3;3;3;3;3;3;3
3;3;3;3;3;3;3;3;3;3;3;3;3;3;3;3;3;3;3;3;3;3;3;3;3;3;3
3;3;3;3;3;3;3;3;3;3;3;3;3;3;3;3;3;3;3;3;3;3;3;3;3;3;3
3;3;3;3;3;3;3;3;3;3;3;3;3;3;3;3;3;3;3;3;3;3;3;3;3;3;3
Aland;Rollos de canela;Mariehamn;;;;;;;;;;;;;;;;;;;;;;;;
2;2;2;2;2;2;2;2;4;4;1;1;4;4;2;2;2;2;2;2;2;2;2;2;2;2;2
2;2;2;2;2;2;2;2;4;4;1;1;4;4;2;2;2;2;2;2;2;2;2;2;2;2;2
2;2;2;2;2;2;2;2;4;4;1;1;4;4;2;2;2;2;2;2;2;2;2;2;2;2;2
2;2;2;2;2;2;2;2;4;4;1;1;4;4;2;2;2;2;2;2;2;2;2;2;2;2;2
2;2;2;2;2;2;2;2;4;4;1;1;4;4;2;2;2;2;2;2;2;2;2;2;2;2;2
2;2;2;2;2;2;2;2;4;4;1;1;4;4;2;2;2;2;2;2;2;2;2;2;2;2;2
2;2;2;2;2;2;2;2;4;4;1;1;4;4;2;2;2;2;2;2;2;2;2;2;2;2;2
4;4;4;4;4;4;4;4;4;4;1;1;4;4;4;4;4;4;4;4;4;4;4;4;4;4;4
4;4;4;4;4;4;4;4;4;4;1;1;4;4;4;4;4;4;4;4;4;4;4;4;4;4;4
1;1;1;1;1;1;1;1;1;1;1;1;1;1;1;1;1;1;1;1;1;1;1;1;1;1;1
1;1;1;1;1;1;1;1;1;1;1;1;1;1;1;1;1;1;1;1;1;1;1;1;1;1;1
1;1;1;1;1;1;1;1;1;1;1;1;1;1;1;1;1;1;1;1;1;1;1;1;1;1;1
4;4;4;4;4;4;4;4;4;4;1;1;4;4;4;4;4;4;4;4;4;4;4;4;4;4;4
4;4;4;4;4;4;4;4;4;4;1;1;4;4;4;4;4;4;4;4;4;4;4;4;4;4;4
2;2;2;2;2;2;2;2;4;4;1;1;4;4;2;2;2;2;2;2;2;2;2;2;2;2;2
2;2;2;2;2;2;2;2;4;4;1;1;4;4;2;2;2;2;2;2;2;2;2;2;2;2;2
2;2;2;2;2;2;2;2;4;4;1;1;4;4;2;2;2;2;2;2;2;2;2;2;2;2;2
2;2;2;2;2;2;2;2;4;4;1;1;4;4;2;2;2;2;2;2;2;2;2;2;2;2;2
2;2;2;2;2;2;2;2;4;4;1;1;4;4;2;2;2;2;2;2;2;2;2;2;2;2;2
Corea del sur;Arroz mezclado;Seul;;;;;;;;;;;;;;;;;;;;;;;;
3;3;3;3;3;3;3;3;3;3;3;3;3;3;3;3;3;3;3;3;3;3;3;3;3;3;3
3;3;3;3;8;3;3;3;3;3;3;3;3;3;3;3;3;3;3;3;3;3;8;3;3;3;3
3;3;3;8;3;3;8;3;3;3;3;3;3;3;3;3;3;3;3;3;8;3;3;8;3;3;3
3;3;3;8;3;8;3;3;8;3;3;3;3;3;3;3;3;3;8;3;3;8;3;8;3;3;3
3;3;8;3;3;8;3;8;3;3;3;3;3;3;3;3;3;3;3;8;3;8;3;3;8;3;3
3;8;3;3;8;3;3;8;3;3;3;3;1;1;1;3;3;3;3;8;3;3;8;3;3;8;3
3;3;3;8;3;3;8;3;3;3;3;1;1;1;1;1;3;3;3;3;8;3;3;8;3;3;3
3;3;3;3;3;8;3;3;3;3;1;1;1;1;1;1;1;3;3;3;3;8;3;3;3;3;3
3;3;3;3;3;3;3;3;3;3;2;1;1;1;1;1;1;3;3;3;3;3;3;3;3;3;3
3;3;3;3;3;3;3;3;3;3;2;1;1;1;2;2;1;3;3;3;3;3;3;3;3;3;3
3;3;3;3;3;3;3;3;3;3;2;2;1;2;2;2;1;3;3;3;3;3;3;3;3;3;3
3;3;3;3;3;8;3;3;3;3;2;2;2;2;2;2;2;3;3;3;3;8;3;3;3;3;3
3;3;3;8;3;3;8;3;3;3;3;2;2;2;2;2;3;3;3;3;8;3;3;8;3;3;3
3;8;3;3;8;3;3;8;3;3;3;3;2;2;2;3;3;3;3;8;3;3;8;3;3;8;3
3;3;8;3;3;3;3;8;3;3;3;3;3;3;3;3;3;3;3;8;3;3;3;3;8;3;3
3;3;3;8;3;8;3;3;8;3;3;3;3;3;3;3;3;3;8;3;3;8;3;3;3;3;3
3;3;3;8;3;3;8;3;3;3;3;3;3;3;3;3;3;3;3;3;8;3;3;8;3;3;3
3;3;3;3;8;3;3;3;3;3;3;3;3;3;3;3;3;3;3;3;3;3;8;3;3;3;3
3;3;3;3;3;3;3;3;3;3;3;3;3;3;3;3;3;3;3;3;3;3;3;3;3;3;3
Seychelles;Ensalada de palmito;Victoria;;;;;;;;;;;;;;;;;;;;;;;;
2;2;2;2;2;2;2;4;4;4;4;4;4;4;4;4;4;4;4;4;1;1;1;1;1;1;1
2;2;2;2;2;2;4;4;4;4;4;4;4;4;4;4;4;4;4;1;1;1;1;1;1;1;1
2;2;2;2;2;2;4;4;4;4;4;4;4;4;4;4;4;4;1;1;1;1;1;1;1;1;1
2;2;2;2;2;2;4;4;4;4;4;4;4;4;4;4;4;1;1;1;1;1;1;1;1;1;1
2;2;2;2;2;4;4;4;4;4;4;4;4;4;4;4;1;1;1;1;1;1;1;1;1;1;1
2;2;2;2;2;4;4;4;4;4;4;4;4;4;4;1;1;1;1;1;1;1;1;1;1;1;1
2;2;2;2;2;4;4;4;4;4;4;4;4;4;1;1;1;1;1;1;1;1;1;1;1;1;1
2;2;2;2;;4;4;4;4;4;4;4;4;1;1;1;1;1;1;1;1;1;1;1;1;1;1
2;2;2;2;4;4;4;4;4;4;4;4;1;1;1;1;1;1;1;1;1;1;1;1;1;1;1
2;2;2;2;4;4;4;4;4;4;4;1;1;1;1;1;1;1;1;1;1;1;1;1;1;3;3
2;2;2;4;4;4;4;4;4;4;1;1;1;1;1;1;1;1;1;1;1;1;1;3;3;3;3
2;2;2;4;4;4;4;4;4;1;1;1;1;1;1;1;1;1;1;1;1;3;3;3;3;3;3
2;2;2;4;4;4;4;4;1;1;1;1;1;1;1;1;1;1;1;3;3;3;3;3;3;3;3
2;2;4;4;4;4;4;1;1;1;1;1;1;1;1;1;1;3;3;3;3;3;3;3;3;3;5
2;2;4;4;4;4;1;1;1;1;1;1;1;1;1;1;3;3;3;3;3;3;3;3;5;5;5
2;2;4;4;4;1;1;1;1;1;1;1;1;3;3;3;3;3;3;3;3;3;5;5;5;5;5
2;4;4;4;1;1;1;1;1;1;1;3;3;3;3;3;3;3;3;3;5;5;5;5;5;5;5
2;4;4;1;1;1;1;1;1;3;3;3;3;3;3;3;3;3;5;5;5;5;5;5;5;5;5
2;4;1;1;1;1;1;3;3;3;3;3;3;3;3;3;5;5;5;5;5;5;5;5;5;5;5
Gibraltar;Calentita;Gibraltar;;;;;;;;;;;;;;;;;;;;;;;;
3;3;3;3;3;3;3;3;3;3;3;3;3;3;3;3;3;3;3;3;3;3;3;3;3;3;3
3;3;3;3;3;3;3;3;3;3;3;3;3;3;3;3;3;3;3;3;3;3;3;3;3;3;3
3;3;3;3;3;3;3;3;3;3;3;3;3;3;3;3;3;3;3;3;3;3;3;3;3;3;3
3;3;3;3;3;3;3;3;3;3;3;1;3;1;3;1;3;3;3;3;3;3;3;3;3;3;3
3;3;3;3;3;3;3;3;3;1;3;3;1;1;1;3;3;1;3;3;3;3;3;3;3;3;3
3;3;3;3;3;3;3;3;1;1;1;3;1;1;1;3;1;1;1;3;3;3;3;3;3;3;3
3;3;3;3;3;3;3;3;1;8;1;3;1;8;1;3;1;8;1;3;3;3;3;3;3;3;3
3;3;3;3;3;3;3;3;1;1;1;1;1;1;1;1;1;1;1;3;3;3;3;3;3;3;3
3;3;3;3;3;3;3;3;3;1;1;1;1;8;1;1;1;1;3;3;3;3;3;3;3;3;3
3;3;3;3;3;3;3;3;3;1;8;1;8;8;8;1;8;1;3;3;3;3;3;3;3;3;3
3;3;3;3;3;3;3;3;3;1;8;1;8;8;8;1;8;1;3;3;3;3;3;3;3;3;3
3;3;3;3;3;3;3;1;1;1;1;1;4;1;4;1;1;1;1;1;3;3;3;3;3;3;3
3;3;3;3;3;3;3;3;1;1;1;1;1;4;1;1;1;1;1;3;3;3;3;3;3;3;3
3;3;3;3;3;3;3;3;3;3;3;3;3;4;3;3;3;3;3;3;3;3;3;3;3;3;3
1;1;1;1;1;1;1;1;1;1;1;1;1;4;1;1;1;1;1;1;1;1;1;1;1;1;1
1;1;1;1;1;1;1;1;1;1;1;1;4;4;1;1;1;1;1;1;1;1;1;1;1;1;1
1;1;1;1;1;1;1;1;1;1;1;1;1;4;1;1;1;1;1;1;1;1;1;1;1;1;1
1;1;1;1;1;1;1;1;1;1;1;1;4;4;1;1;1;1;1;1;1;1;1;1;1;1;1
1;1;1;1;1;1;1;1;1;1;1;1;1;1;1;1;1;1;1;1;1;1;1;1;1;1;1
Siria;Cus cus;Damasco;;;;;;;;;;;;;;;;;;;;;;;;
1;1;1;1;1;1;1;1;1;1;1;1;1;1;1;1;1;1;1;1;1;1;1;1;1;1;1
1;1;1;1;1;1;1;1;1;1;1;1;1;1;1;1;1;1;1;1;1;1;1;1;1;1;1
1;1;1;1;1;1;1;1;1;1;1;1;1;1;1;1;1;1;1;1;1;1;1;1;1;1;1
1;1;1;1;1;1;1;1;1;1;1;1;1;1;1;1;1;1;1;1;1;1;1;1;1;1;1
1;1;1;1;1;1;1;1;1;1;1;1;1;1;1;1;1;1;1;1;1;1;1;1;1;1;1
1;1;1;1;1;1;1;1;1;1;1;1;1;1;1;1;1;1;1;1;1;1;1;1;1;1;1
3;3;3;3;3;3;3;3;3;3;3;3;3;3;3;3;3;3;3;3;3;3;3;3;3;3;3
3;3;3;3;3;3;3;3;5;3;3;3;3;3;3;3;3;3;5;3;3;3;3;3;3;3;3
3;3;3;3;3;3;5;5;5;5;5;3;3;3;3;3;5;5;5;5;5;3;3;3;3;3;3
3;3;3;3;3;3;3;5;5;5;3;3;3;3;3;3;3;5;5;5;3;3;3;3;3;3;3
3;3;3;3;3;3;3;5;5;5;3;3;3;3;3;3;3;5;5;5;3;3;3;3;3;3;3
3;3;3;3;3;3;3;5;3;5;3;3;3;3;3;3;3;5;3;5;3;3;3;3;3;3;3
3;3;3;3;3;3;3;3;3;3;3;3;3;3;3;3;3;3;3;3;3;3;3;3;3;3;3
8;8;8;8;8;8;8;8;8;8;8;8;8;8;8;8;8;8;8;8;8;8;8;8;8;8;8
8;8;8;8;8;8;8;8;8;8;8;8;8;8;8;8;8;8;8;8;8;8;8;8;8;8;8
8;8;8;8;8;8;8;8;8;8;8;8;8;8;8;8;8;8;8;8;8;8;8;8;8;8;8
8;8;8;8;8;8;8;8;8;8;8;8;8;8;8;8;8;8;8;8;8;8;8;8;8;8;8
8;8;8;8;8;8;8;8;8;8;8;8;8;8;8;8;8;8;8;8;8;8;8;8;8;8;8
8;8;8;8;8;8;8;8;8;8;8;8;8;8;8;8;8;8;8;8;8;8;8;8;8;8;8
Republica Checa;Pato asado con sauerkraut;Praga;;;;;;;;;;;;;;;;;;;;;;;;
2,3,3,3,3,3,3,3,3,3,3,3,3,3,3,3,3,3,3,3,3,3,3,3,3,3,3
2,2,3,3,3,3,3,3,3,3,3,3,3,3,3,3,3,3,3,3,3,3,3,3,3,3,3
2,2,2,3,3,3,3,3,3,3,3,3,3,3,3,3,3,3,3,3,3,3,3,3,3,3,3
2,2,2,2,3,3,3,3,3,3,3,3,3,3,3,3,3,3,3,3,3,3,3,3,3,3,3
2,2,2,2,2,3,3,3,3,3,3,3,3,3,3,3,3,3,3,3,3,3,3,3,3,3,3
2,2,2,2,2,2,3,3,3,3,3,3,3,3,3,3,3,3,3,3,3,3,3,3,3,3,3
2,2,2,2,2,2,2,3,3,3,3,3,3,3,3,3,3,3,3,3,3,3,3,3,3,3,3
2,2,2,2,2,2,2,2,3,3,3,3,3,3,3,3,3,3,3,3,3,3,3,3,3,3,3
2,2,2,2,2,2,2,2,2,3,3,3,3,3,3,3,3,3,3,3,3,3,3,3,3,3,3
2,2,2,2,2,2,2,2,2,2,3,1,3,1,3,1,3,1,3,1,3,1,3,1,3,1,3
2,2,2,2,2,2,2,2,2,1,1,1,1,1,1,1,1,1,1,1,1,1,1,1,1,1,1
2,2,2,2,2,2,2,2,1,1,1,1,1,1,1,1,1,1,1,1,1,1,1,1,1,1,1
2,2,2,2,2,2,2,1,1,1,1,1,1,1,1,1,1,1,1,1,1,1,1,1,1,1,1
2,2,2,2,2,2,1,1,1,1,1,1,1,1,1,1,1,1,1,1,1,1,1,1,1,1,1
2,2,2,2,2,1,1,1,1,1,1,1,1,1,1,1,1,1,1,1,1,1,1,1,1,1,1
2,2,2,2,1,1,1,1,1,1,1,1,1,1,1,1,1,1,1,1,1,1,1,1,1,1,1
2,2,2,1,1,1,1,1,1,1,1,1,1,1,1,1,1,1,1,1,1,1,1,1,1,1,1
2,2,1,1,1,1,1,1,1,1,1,1,1,1,1,1,1,1,1,1,1,1,1,1,1,1,1
2,1,1,1,1,1,1,1,1,1,1,1,1,1,1,1,1,1,1,1,1,1,1,1,1,1,1
Libano;Crema de berenjenas;Beirut;;;;;;;;;;;;;;;;;;;;;;;;;
1;1;1;1;1;1;1;1;1;1;1;1;1;1;1;1;1;1;1;1;1;1;1;1;1;1;1
1;1;1;1;1;1;1;1;1;1;1;1;1;1;1;1;1;1;1;1;1;1;1;1;1;1;1
1;1;1;1;1;1;1;1;1;1;1;1;1;1;1;1;1;1;1;1;1;1;1;1;1;1;1
1;1;1;1;1;1;1;1;1;1;1;1;1;1;1;1;1;1;1;1;1;1;1;1;1;1;1
1;1;1;1;1;1;1;1;1;1;1;1;1;1;1;1;1;1;1;1;1;1;1;1;1;1;1
3;3;3;3;3;3;3;3;3;3;3;3;3;3;3;3;3;3;3;3;3;3;3;3;3;3;3
3;3;3;3;3;3;3;3;3;3;3;3;3;3;3;3;3;3;3;3;3;3;3;3;3;3;3
3;3;3;3;3;3;3;3;3;3;3;3;3;2;3;3;3;3;3;3;3;3;3;3;3;3;3
3;3;3;3;3;3;3;3;3;3;3;3;2;2;2;3;3;3;3;3;3;3;3;3;3;3;3
3;3;3;3;3;3;3;3;3;3;3;2;2;2;2;2;3;3;3;3;3;3;3;3;3;3;3
3;3;3;3;3;3;3;3;3;3;2;2;2;2;2;2;2;3;3;3;3;3;3;3;3;3;3
3;3;3;3;3;3;3;3;3;3;3;3;3;2;3;3;3;3;3;3;3;3;3;3;3;3;3
3;3;3;3;3;3;3;3;3;3;3;3;3;3;3;3;3;3;3;3;3;3;3;3;3;3;3
3;3;3;3;3;3;3;3;3;3;3;3;3;3;3;3;3;3;3;3;3;3;3;3;3;3;3
1;1;1;1;1;1;1;1;1;1;1;1;1;1;1;1;1;1;1;1;1;1;1;1;1;1;1
1;1;1;1;1;1;1;1;1;1;1;1;1;1;1;1;1;1;1;1;1;1;1;1;1;1;1
1;1;1;1;1;1;1;1;1;1;1;1;1;1;1;1;1;1;1;1;1;1;1;1;1;1;1
1;1;1;1;1;1;1;1;1;1;1;1;1;1;1;1;1;1;1;1;1;1;1;1;1;1;1
1;1;1;1;1;1;1;1;1;1;1;1;1;1;1;1;1;1;1;1;1;1;1;1;1;1;1
Escocia;Haggis;Edimburgo;;;;;;;;;;;;;;;;;;;;;;;;
3;3;3;3;2;2;2;2;2;2;2;2;2;2;2;2;2;2;2;2;2;2;2;3;3;3;3
2;3;3;3;3;2;2;2;2;2;2;2;2;2;2;2;2;2;2;2;2;2;3;3;3;3;2
2;2;3;3;3;3;2;2;2;2;2;2;2;2;2;2;2;2;2;2;2;3;3;3;3;2;2
2;2;2;3;3;3;3;2;2;2;2;2;2;2;2;2;2;2;2;2;3;3;3;3;2;2;2
2;2;2;2;3;3;3;3;2;2;2;2;2;2;2;2;2;2;2;3;3;3;3;2;2;2;2
2;2;2;2;2;3;3;3;3;2;2;2;2;2;2;2;2;2;3;3;3;3;2;2;2;2;2
2;2;2;2;2;2;3;3;3;3;2;2;2;2;2;2;2;3;3;3;3;2;2;2;2;2;2
2;2;2;2;2;2;2;3;3;3;3;2;2;2;2;2;3;3;3;3;2;2;2;2;2;2;2
2;2;2;2;2;2;2;2;3;3;3;3;3;2;3;3;3;3;3;2;2;2;2;2;2;2;2
2;2;2;2;2;2;2;2;2;3;3;3;3;3;3;3;3;3;2;2;2;2;2;2;2;2;2
2;2;2;2;2;2;2;2;3;3;3;3;3;2;3;3;3;3;3;2;2;2;2;2;2;2;2
2;2;2;2;2;2;2;3;3;3;3;2;2;2;2;2;3;3;3;3;2;2;2;2;2;2;2
2;2;2;2;2;2;3;3;3;3;2;2;2;2;2;2;2;3;3;3;3;2;2;2;2;2;2
2;2;2;2;2;3;3;3;3;2;2;2;2;2;2;2;2;2;3;3;3;3;2;2;2;2;2
2;2;2;2;3;3;3;3;2;2;2;2;2;2;2;2;2;2;2;3;3;3;3;2;2;2;2
2;2;2;3;3;3;3;2;2;2;2;2;2;2;2;2;2;2;2;2;3;3;3;3;2;2;2
2;2;3;3;3;3;2;2;2;2;2;2;2;2;2;2;2;2;2;2;2;3;3;3;3;2;2
2;3;3;3;3;2;2;2;2;2;2;2;2;2;2;2;2;2;2;2;2;2;3;3;3;3;2
3;3;3;3;2;2;2;2;2;2;2;2;2;2;2;2;2;2;2;2;2;2;2;3;3;3;3
Cuba;Ropa vieja;La habana;;;;;;;;;;;;;;;;;;;;;;;;
1;2;2;2;2;2;2;2;2;2;2;2;2;2;2;2;2;2;2;2;2;2;2;2;2;2;2
1;1;2;2;2;2;2;2;2;2;2;2;2;2;2;2;2;2;2;2;2;2;2;2;2;2;2
1;1;1;2;2;2;2;2;2;2;2;2;2;2;2;2;2;2;2;2;2;2;2;2;2;2;2
1;1;1;1;2;2;2;2;2;2;2;2;2;2;2;2;2;2;2;2;2;2;2;2;2;2;2
1;1;1;1;1;3;3;3;3;3;3;3;3;3;3;3;3;3;3;3;3;3;3;3;3;3;3
1;1;1;1;1;1;3;3;3;3;3;3;3;3;3;3;3;3;3;3;3;3;3;3;3;3;3
1;1;1;1;1;1;1;3;3;3;3;3;3;3;3;3;3;3;3;3;3;3;3;3;3;3;3
1;1;1;3;1;1;1;1;3;3;3;3;3;3;3;3;3;3;3;3;3;3;3;3;3;3;3
1;1;3;3;3;1;1;1;1;2;2;2;2;2;2;2;2;2;2;2;2;2;2;2;2;2;2
1;1;3;3;3;1;1;1;1;1;2;2;2;2;2;2;2;2;2;2;2;2;2;2;2;2;2
1;1;3;3;3;1;1;1;1;2;2;2;2;2;2;2;2;2;2;2;2;2;2;2;2;2;2
1;1;1;3;1;1;1;1;3;3;3;3;3;3;3;3;3;3;3;3;3;3;3;3;3;3;3
1;1;1;1;1;1;1;3;3;3;3;3;3;3;3;3;3;3;3;3;3;3;3;3;3;3;3
1;1;1;1;1;1;3;3;3;3;3;3;3;3;3;3;3;3;3;3;3;3;3;3;3;3;3
1;1;1;1;1;3;3;3;3;3;3;3;3;3;3;3;3;3;3;3;3;3;3;3;3;3;3
1;1;1;1;2;2;2;2;2;2;2;2;2;2;2;2;2;2;2;2;2;2;2;2;2;2;2
1;1;1;2;2;2;2;2;2;2;2;2;2;2;2;2;2;2;2;2;2;2;2;2;2;2;2
1;1;2;2;2;2;2;2;2;2;2;2;2;2;2;2;2;2;2;2;2;2;2;2;2;2;2
1;2;2;2;2;2;2;2;2;2;2;2;2;2;2;2;2;2;2;2;2;2;2;2;2;2;2
Rusia;Pelmeni;Moscow;;;;;;;;;;;;;;;;;;;;;;;;
3;3;3;3;3;3;3;3;3;3;3;3;3;3;3;3;3;3;3;3;3;3;3;3;3;3;3
3;3;3;3;3;3;3;3;3;3;3;3;3;3;3;3;3;3;3;3;3;3;3;3;3;3;3
3;3;3;3;3;3;3;3;3;3;3;3;3;3;3;3;3;3;3;3;3;3;3;3;3;3;3
3;3;3;3;3;3;3;3;3;3;3;3;3;3;3;3;3;3;3;3;3;3;3;3;3;3;3
3;3;3;3;3;3;3;3;3;3;3;3;3;3;3;3;3;3;3;3;3;3;3;3;3;3;3
3;3;3;3;3;3;3;3;3;3;3;3;3;3;3;3;3;3;3;3;3;3;3;3;3;3;3
3;3;3;3;3;3;3;3;3;3;3;3;3;3;3;3;3;3;3;3;3;3;3;3;3;3;3
2;2;2;2;2;2;2;2;2;2;2;2;2;2;2;2;2;2;2;2;2;2;2;2;2;2;2
2;2;2;2;2;2;2;2;2;2;2;2;2;2;2;2;2;2;2;2;2;2;2;2;2;2;2
2;2;2;2;2;2;2;2;2;2;2;2;2;2;2;2;2;2;2;2;2;2;2;2;2;2;2
2;2;2;2;2;2;2;2;2;2;2;2;2;2;2;2;2;2;2;2;2;2;2;2;2;2;2
2;2;2;2;2;2;2;2;2;2;2;2;2;2;2;2;2;2;2;2;2;2;2;2;2;2;2
1;1;1;1;1;1;1;1;1;1;1;1;1;1;1;1;1;1;1;1;1;1;1;1;1;1;1
1;1;1;1;1;1;1;1;1;1;1;1;1;1;1;1;1;1;1;1;1;1;1;1;1;1;1
1;1;1;1;1;1;1;1;1;1;1;1;1;1;1;1;1;1;1;1;1;1;1;1;1;1;1
1;1;1;1;1;1;1;1;1;1;1;1;1;1;1;1;1;1;1;1;1;1;1;1;1;1;1
1;1;1;1;1;1;1;1;1;1;1;1;1;1;1;1;1;1;1;1;1;1;1;1;1;1;1
1;1;1;1;1;1;1;1;1;1;1;1;1;1;1;1;1;1;1;1;1;1;1;1;1;1;1
1;1;1;1;1;1;1;1;1;1;1;1;1;1;1;1;1;1;1;1;1;1;1;1;1;1;1
Sri Lanka;Kottu;Colombo;;;;;;;;;;;;;;;;;;;;;;;;
4;4;4;4;4;4;4;4;4;4;4;4;4;4;4;4;4;4;4;4;4;4;4;4;4;4;4
4;4;4;4;4;4;4;4;4;4;4;4;4;4;4;4;4;4;4;4;4;4;4;4;4;4;4
4;4;5;5;5;1;1;1;4;4;1;1;1;1;1;1;1;1;1;1;1;1;1;1;1;4;4
4;4;5;5;5;1;1;1;4;4;1;4;1;1;1;1;1;1;1;1;1;1;1;4;1;4;4
4;4;5;5;5;1;1;1;4;4;1;1;4;1;1;1;1;1;1;1;1;1;4;1;1;4;4
4;4;5;5;5;1;1;1;4;4;1;1;1;1;1;1;1;1;1;4;4;1;1;1;1;4;4
4;4;5;5;5;1;1;1;4;4;1;1;4;1;4;4;4;1;4;1;1;1;1;1;1;4;4
4;4;5;5;5;1;1;1;4;4;1;1;4;1;4;4;4;1;1;4;4;1;1;1;1;4;4
4;4;5;5;5;1;1;1;4;4;1;1;4;1;1;1;4;1;1;1;1;4;1;1;1;4;4
4;4;5;5;5;1;1;1;4;4;1;1;4;1;1;4;4;4;4;4;4;1;1;1;1;4;4
4;4;5;5;5;1;1;1;4;4;1;1;4;4;1;4;4;4;4;4;4;1;1;1;1;4;4
4;4;5;5;5;1;1;1;4;4;1;1;4;1;4;4;4;4;4;4;4;1;1;1;1;4;4
4;4;5;5;5;1;1;1;4;4;1;1;1;1;1;4;1;1;1;1;4;1;1;1;1;4;4
4;4;5;5;5;1;1;1;4;4;1;1;1;1;1;4;1;1;1;1;4;1;1;1;1;4;4
4;4;5;5;5;1;1;1;4;4;1;1;4;1;1;1;1;1;1;1;1;1;4;1;1;4;4
4;4;5;5;5;1;1;1;4;4;1;4;1;1;1;1;1;1;1;1;1;1;1;4;1;4;4
4;4;5;5;5;1;1;1;4;4;1;1;1;1;1;1;1;1;1;1;1;1;1;1;1;4;4
4;4;4;4;4;4;4;4;4;4;4;4;4;4;4;4;4;4;4;4;4;4;4;4;4;4;4
4;4;4;4;4;4;4;4;4;4;4;4;4;4;4;4;4;4;4;4;4;4;4;4;4;4;4
Gambia;Benachin;Banjul;;;;;;;;;;;;;;;;;;;;;;;;
1;1;1;1;1;1;1;1;1;1;1;1;1;1;1;1;1;1;1;1;1;1;1;1;1;1;1
1;1;1;1;1;1;1;1;1;1;1;1;1;1;1;1;1;1;1;1;1;1;1;1;1;1;1
1;1;1;1;1;1;1;1;1;1;1;1;1;1;1;1;1;1;1;1;1;1;1;1;1;1;1
1;1;1;1;1;1;1;1;1;1;1;1;1;1;1;1;1;1;1;1;1;1;1;1;1;1;1
1;1;1;1;1;1;1;1;1;1;1;1;1;1;1;1;1;1;1;1;1;1;1;1;1;1;1
1;1;1;1;1;1;1;1;1;1;1;1;1;1;1;1;1;1;1;1;1;1;1;1;1;1;1
3;3;3;3;3;3;3;3;3;3;3;3;3;3;3;3;3;3;3;3;3;3;3;3;3;3;3
2;2;2;2;2;2;2;2;2;2;2;2;2;2;2;2;2;2;2;2;2;2;2;2;2;2;2
2;2;2;2;2;2;2;2;2;2;2;2;2;2;2;2;2;2;2;2;2;2;2;2;2;2;2
2;2;2;2;2;2;2;2;2;2;2;2;2;2;2;2;2;2;2;2;2;2;2;2;2;2;2
2;2;2;2;2;2;2;2;2;2;2;2;2;2;2;2;2;2;2;2;2;2;2;2;2;2;2
2;2;2;2;2;2;2;2;2;2;2;2;2;2;2;2;2;2;2;2;2;2;2;2;2;2;2
3;3;3;3;3;3;3;3;3;3;3;3;3;3;3;3;3;3;3;3;3;3;3;3;3;3;3
5;5;5;5;5;5;5;5;5;5;5;5;5;5;5;5;5;5;5;5;5;5;5;5;5;5;5
5;5;5;5;5;5;5;5;5;5;5;5;5;5;5;5;5;5;5;5;5;5;5;5;5;5;5
5;5;5;5;5;5;5;5;5;5;5;5;5;5;5;5;5;5;5;5;5;5;5;5;5;5;5
5;5;5;5;5;5;5;5;5;5;5;5;5;5;5;5;5;5;5;5;5;5;5;5;5;5;5
5;5;5;5;5;5;5;5;5;5;5;5;5;5;5;5;5;5;5;5;5;5;5;5;5;5;5
5;5;5;5;5;5;5;5;5;5;5;5;5;5;5;5;5;5;5;5;5;5;5;5;5;5;5
Chile;Chumbeque;Santiago;;;;;;;;;;;;;;;;;;;;;;;;
2;2;2;2;2;2;2;2;2;3;3;3;3;3;3;3;3;3;3;3;3;3;3;3;3;3;3
2;2;2;2;3;2;2;2;2;3;3;3;3;3;3;3;3;3;3;3;3;3;3;3;3;3;3
2;2;3;2;3;2;3;2;2;3;3;3;3;3;3;3;3;3;3;3;3;3;3;3;3;3;3
2;2;2;3;3;3;2;2;2;3;3;3;3;3;3;3;3;3;3;3;3;3;3;3;3;3;3
2;2;2;2;3;2;2;2;2;3;3;3;3;3;3;3;3;3;3;3;3;3;3;3;3;3;3
2;2;2;3;2;3;2;2;2;3;3;3;3;3;3;3;3;3;3;3;3;3;3;3;3;3;3
2;2;3;2;2;2;3;2;2;3;3;3;3;3;3;3;3;3;3;3;3;3;3;3;3;3;3
2;2;2;2;2;2;2;2;2;3;3;3;3;3;3;3;3;3;3;3;3;3;3;3;3;3;3
2;2;2;2;2;2;2;2;2;3;3;3;3;3;3;3;3;3;3;3;3;3;3;3;3;3;3
1;1;1;1;1;1;1;1;1;1;1;1;1;1;1;1;1;1;1;1;1;1;1;1;1;1;1
1;1;1;1;1;1;1;1;1;1;1;1;1;1;1;1;1;1;1;1;1;1;1;1;1;1;1
1;1;1;1;1;1;1;1;1;1;1;1;1;1;1;1;1;1;1;1;1;1;1;1;1;1;1
1;1;1;1;1;1;1;1;1;1;1;1;1;1;1;1;1;1;1;1;1;1;1;1;1;1;1
1;1;1;1;1;1;1;1;1;1;1;1;1;1;1;1;1;1;1;1;1;1;1;1;1;1;1
1;1;1;1;1;1;1;1;1;1;1;1;1;1;1;1;1;1;1;1;1;1;1;1;1;1;1
1;1;1;1;1;1;1;1;1;1;1;1;1;1;1;1;1;1;1;1;1;1;1;1;1;1;1
1;1;1;1;1;1;1;1;1;1;1;1;1;1;1;1;1;1;1;1;1;1;1;1;1;1;1
1;1;1;1;1;1;1;1;1;1;1;1;1;1;1;1;1;1;1;1;1;1;1;1;1;1;1
1;1;1;1;1;1;1;1;1;1;1;1;1;1;1;1;1;1;1;1;1;1;1;1;1;1;1